product_id,product_name,category,num_reviews_total,num_reviews_clean,num_fakes_removed,avg_star_rating,avg_predicted_star,avg_predicted_confidence,agg_norm_rating,agg_predicted_star_norm,agg_predicted_confidence,agg_mean_mismatch,agg_helpful_votes_total,fuzzy_quality,fuzzy_consensus,fuzzy_dispute,fuzzy_engagement,topsis_score,confidence_discount,senticrank_score,senticrank_score_100,baseline_star_score,sentic_rank_overall,sentic_rank_in_category,baseline_rank_overall,rank_delta
103279062,Невская косметика крем для лица Календула 40 мл,Beauty,26,26,0,4.961538461538462,4.923076923076923,0.6795996134156336,0.994897959183674,0.989795918367348,0.7613602684605806,0.020408163265303945,49.0,0.875,0.9227205369193158,1.0,0.432653934195256,0.8820868867824609,0.8387096774193549,0.8218346136978113,82.18346136978113,99.23076923076923,119,1,150,31
115166626,"Novosvit сыворотка-концентрат Гиалуроновая кислота Коллаген для лица, для зоны декольте 100 мл",Beauty,30,30,0,4.866666666666666,4.866666666666666,0.7583382021132364,0.961538461538462,0.961538461538462,0.8005195433275588,0.0,26.0,0.875,1.0,1.0,0.36450623745411076,0.866748682557492,0.8571428571428571,0.8125739267310405,81.25739267310405,97.33333333333333,166,2,235,69
131142927,Dr.Ceuracle эссенция VEGAN KOMBUCHA TEA ESSENCE для лица 150 мл,Beauty,28,28,0,5.0,4.928571428571429,0.7724353101835152,1.0,0.977272727272728,0.7870099766858927,0.09090909090908783,22.0,0.875,0.9740199533698374,1.0,0.34677298837094817,0.8689862843917593,0.8484848484848485,0.811775414050211,81.1775414050211,100.0,170,3,1,-169
138374297,"SUNKILLER крем Sunkiller для лица, для зоны декольте 50 мл",Beauty,25,25,0,4.96,4.92,0.7568571918176851,0.9838709677419356,0.9758064516129035,0.7696206513876014,0.03225806451612864,31.0,0.875,0.9392413027733244,1.0,0.3832963842869687,0.8726592656264817,0.8333333333333334,0.8100107796835438,81.00107796835438,99.2,178,4,152,-26
110307013,Весна косметика крем Клубничный для лица 40 мл,Beauty,24,24,0,4.958333333333333,5.0,0.760788152447963,0.9939024390243906,1.0,0.7304642315361872,0.024390243902437693,41.0,0.875,0.8609284630706526,1.0,0.4133711542157449,0.8746806458214782,0.8275862068965517,0.8099511565099354,80.99511565099354,99.16666666666666,179,5,157,-22
102676765,"Fito Косметик крем гиалуроновый эффективное омоложение для лица, для области вокруг глаз, для зоны декольте 45 мл",Beauty,29,29,0,4.931034482758621,4.9655172413793105,0.8012668333804698,0.9861111111111114,0.9861111111111114,0.8536415860024652,0.0,18.0,0.875,1.0,1.0,0.325643051323212,0.8642200535605863,0.8529411764705882,0.8083621115302446,80.83621115302446,98.62068965517243,189,6,178,-11
112712512,"BioBalance сыворотка Pure Vitamin C для лица, для зоны декольте 30 мл",Beauty,28,28,0,4.892857142857143,4.535714285714286,0.6697035529994785,0.9857142857142868,0.9714285714285738,0.6983182660341687,0.05714285714285288,35.0,0.875,0.7966365320667441,1.0,0.39632271201752794,0.8651421209133695,0.8484848484848485,0.8077230345961603,80.77230345961604,97.85714285714286,192,7,216,24
109486339,Невская косметика крем Женьшеневый для лица 40 мл,Beauty,25,25,0,4.88,4.68,0.7053102717943968,1.0,0.9600000000000017,0.7483268472152962,0.15999999999999284,25.0,0.875,0.8966536944287992,1.0,0.36033230970446783,0.8683864703339044,0.8333333333333334,0.8055869845616903,80.55869845616903,97.6,204,8,228,24
102684466,Невская косметика крем Зеленый Чай для лица 40 мл,Beauty,28,28,0,4.964285714285714,4.821428571428571,0.7173536920651149,0.9722222222222195,0.9444444444444425,0.7076274374726647,0.11111111111110804,27.0,0.875,0.8152548749436989,1.0,0.36852835192176836,0.8601634835571995,0.8484848484848485,0.8024747334131519,80.24747334131519,99.28571428571429,209,9,136,-73
154802375,"DR.PLINUS Набор тонер, крем набор по уходу за лицом унисекс",Beauty,29,28,1,5.0,4.821428571428571,0.7443050754601697,1.0,1.0,0.8881572623713874,0.0,13.0,0.875,1.0,1.0,0.29186907506437465,0.8598405527608578,0.8484848484848485,0.8021343113339318,80.21343113339317,100.0,214,10,1,-213
17601333,ACM Laboratoire крем Sebionex Trio для лица 40 мл,Beauty,25,25,0,5.0,4.8,0.7096405383959313,1.0,1.0,0.7754074479773662,0.0,18.0,0.875,0.9508148959528308,1.0,0.325643051323212,0.8646814088800817,0.8333333333333334,0.8017509868919538,80.17509868919538,100.0,218,11,1,-217
113508064,Невская косметика крем Пантенол для лица 40 мл,Beauty,24,24,0,4.958333333333333,4.916666666666667,0.7975341869995475,0.9642857142857112,0.9642857142857112,0.7958611448501862,0.0,21.0,0.875,0.991722289698389,1.0,0.3418568030797321,0.8632658197789767,0.8275862068965517,0.798214437528652,79.82144375286519,99.16666666666666,228,12,157,-71
137281386,Natuma Эмолибейз набор эмолентов очищение и увлажнение кожи 0+,Beauty,29,29,0,4.931034482758621,5.0,0.7211341023823363,0.984375,1.0,0.7100175787389195,0.0625,16.0,0.875,0.8200351574761989,1.0,0.313341945591719,0.8534137589046041,0.8529411764705882,0.7969106728705934,79.69106728705934,98.62068965517243,229,13,178,-51
116359419,Невская косметика крем Гиалуроновый для области вокруг глаз 25 мл,Beauty,25,24,1,4.791666666666667,4.708333333333333,0.7504378277230622,1.0,1.0,0.8018447373867841,0.0,13.0,0.875,1.0,1.0,0.29186907506437465,0.8598405527608578,0.8275862068965517,0.7946925795276772,79.46925795276772,95.83333333333334,237,14,314,77
140995476,Невская косметика крем Крем для лица «Ретинол» для лица 40 мл,Beauty,26,26,0,4.846153846153846,4.923076923076923,0.741179234623186,0.9444444444444456,0.9722222222222229,0.8031451454387193,0.11111111111110882,18.0,0.875,1.0,1.0,0.325643051323212,0.855792152992432,0.8387096774193549,0.7944349900572146,79.44349900572146,96.9230769230769,239,15,271,32
145161828,Крем для кожи вокруг глаз с лазерным аппликатором набор по уходу за лицом для женщин,Beauty,30,30,0,4.933333333333334,4.633333333333334,0.7312218343003287,1.0,1.0,0.8411203467452891,0.0,7.0,0.875,1.0,1.0,0.2299778305721812,0.849325361221502,0.8571428571428571,0.7940194666339211,79.40194666339211,98.66666666666667,241,16,167,-74
123927927,"Jomtam сыворотка Увлажняющая сыворотка для лица с пептидами JomTam Gegemoon для сухой кожи лиц и глаз, для лица 60 мл",Beauty,23,23,0,4.869565217391305,4.695652173913044,0.6728976142968149,0.9827586206896558,0.9224137931034447,0.6936050904732997,0.241379310344844,29.0,0.875,0.7872101809450249,1.0,0.37615868467769514,0.8604956672042674,0.8214285714285714,0.7931685029627513,79.31685029627513,97.3913043478261,248,17,233,-15
139389048,"Round Lab Round Lab набор миниатюр с берёзовым соком: пенка, тонер, ампула, крем, 4 шт набор по уходу за лицом унисекс",Beauty,27,27,0,5.0,4.925925925925926,0.7647982446873143,1.0,1.0,0.816945329442268,0.0,8.0,0.875,1.0,1.0,0.2430041583027405,0.8515164416839235,0.84375,0.7917222817365942,79.17222817365942,100.0,252,18,1,-251
152237510,Dr. Althea крем Relief Cream для лица 50 мл,Beauty,27,27,0,4.925925925925926,5.0,0.7676891192960765,0.975,1.0,0.7592885822166303,0.1,10.0,0.875,0.9185771644314236,1.0,0.26519752622233833,0.8499356753156155,0.84375,0.7900651934850057,79.00651934850058,98.51851851851852,258,19,190,-68
103096305,Невская косметика крем Оливковый для лица 40 мл,Beauty,26,26,0,4.8076923076923075,4.769230769230769,0.723539459766773,0.9305555555555599,0.9722222222222241,0.7523719883553734,0.1666666666666563,18.0,0.875,0.9047439767089375,1.0,0.325643051323212,0.8487393907703455,0.8387096774193549,0.7870858747531811,78.70858747531811,96.15384615384615,269,20,296,27
120117954,Невская косметика крем Морковный для лица 40 мл,Beauty,26,26,0,5.0,4.730769230769231,0.770262223243734,1.0,1.0,0.9135688945375083,0.0,6.0,0.875,1.0,1.0,0.2152097982069809,0.8468554672820275,0.8387096774193549,0.7851227898647855,78.51227898647855,100.0,277,21,1,-276
130684376,Весна косметика крем Главаптека Ретинол для лица 45 г,Beauty,22,21,1,4.809523809523809,5.0,0.6938642199048429,0.9750000000000021,1.0,0.6600145239091516,0.0999999999999916,40.0,0.875,0.7200290478168632,1.0,0.41070606239990254,0.8570470906411167,0.8076923076923077,0.7848054309455976,78.48054309455976,96.19047619047618,280,22,295,15
102666988,Fito Косметик бальзам Норка для лица 10 г,Beauty,24,24,0,4.916666666666667,4.833333333333333,0.7354490851508594,0.9259259259259262,0.9074074074074094,0.7199085615825204,0.07407407407406691,27.0,0.875,0.8398171231633612,1.0,0.36852835192176836,0.8500613730783803,0.8275862068965517,0.784637631395015,78.4637631395015,98.33333333333334,284,23,199,-85
110340129,Весна косметика крем Календула для лица 45 мл,Beauty,25,25,0,4.84,4.72,0.6999683852396391,1.0,0.9464285714285728,0.6719557966952421,0.21428571428570858,14.0,0.875,0.7439115933889964,1.0,0.2994994078203014,0.8460412677202167,0.8333333333333334,0.7824521064431476,78.24521064431475,96.8,290,24,276,-14
118956089,Sugarlife крем Увлажняющий дневной крем с SPF15 для лица 30 мл,Beauty,26,26,0,4.8076923076923075,4.884615384615385,0.6481127678249771,1.0,1.0,0.8068245380363713,0.0,5.0,0.875,1.0,1.0,0.19816135600876397,0.8440228175278458,0.8387096774193549,0.7821711137691088,78.21711137691088,96.15384615384615,292,25,296,4
112458900,Невская косметика крем Женьшеневый для области вокруг глаз 25 мл,Beauty,27,27,0,4.962962962962963,4.777777777777778,0.7648814245159582,1.0,1.0,0.8041688940644801,0.0,4.0,0.875,1.0,1.0,0.17799732866893112,0.8406981789018185,0.84375,0.7803816962343791,78.03816962343791,99.25925925925925,294,26,146,-148
103252830,Невская косметика крем для лица ланолиновый для сухой кожи 40 мл,Beauty,23,23,0,4.434782608695652,4.304347826086956,0.6994445313035386,0.9097222222222278,0.8888888888888956,0.7084233232861132,0.1388888888888802,36.0,0.875,0.8168466465705928,1.0,0.3993529278314313,0.8470423420929809,0.8214285714285714,0.7794387220555076,77.94387220555076,88.69565217391305,298,27,459,161
104864882,Невская косметика крем Огуречный для лица 40 мл,Beauty,28,28,0,4.892857142857143,4.321428571428571,0.7000901361082702,0.9224137931034435,0.7500000000000064,0.6666696445329163,0.6896551724137487,29.0,0.875,0.7333392890643661,0.8189655172418596,0.37615868467769514,0.8369745020314118,0.8484848484848485,0.7780297396391557,77.80297396391556,97.85714285714286,303,28,216,-87
135124789,СпивакЪ сыворотка Сыворотка Ниацинамид 10%+Zn 1% для лица 30 мл,Beauty,26,26,0,4.153846153846154,4.230769230769231,0.6815152473604554,1.0,1.0,0.7231701297772429,0.0,5.0,0.875,0.8463402595527932,1.0,0.19816135600876397,0.8383466803056119,0.8387096774193549,0.7762564684692745,77.62564684692745,83.07692307692308,309,29,525,216
110059222,Весна косметика крем Пантеноловый для лица 150 мл,Beauty,26,26,0,4.8076923076923075,4.846153846153846,0.7401394342008599,1.0,1.0,0.8186847266187562,0.0,3.0,0.875,1.0,1.0,0.15331855371478748,0.8366668370731734,0.8387096774193549,0.7745060391737525,77.45060391737525,96.15384615384615,314,30,296,-18
103116255,Невская косметика крем для лица ромашка 40 мл,Beauty,22,22,0,4.909090909090909,4.636363636363637,0.7358543394944769,1.0,1.0,0.8034015250148442,0.0,5.0,0.875,1.0,1.0,0.19816135600876397,0.8440228175278458,0.8148148148148148,0.7741320506987638,77.41320506987638,98.18181818181819,315,31,202,-113
106688156,Невская косметика крем Гранатовый для лица 40 мл,Beauty,22,22,0,4.954545454545454,4.681818181818182,0.6866885041318181,1.0,0.95,0.7229376051620132,0.2,5.0,0.875,0.8458752103223347,1.0,0.19816135600876397,0.8383180584798545,0.8148148148148148,0.7683569390141508,76.83569390141508,99.09090909090908,328,32,161,-167
121465369,"Noreva крем-концентрат Sensidiane int ap+ для чувствительной кожи от хронических покраснений 30мл для лица, для зоны декольте 30 мл",Beauty,15,15,0,5.0,5.0,0.8113030075318269,1.0,1.0,0.8024888110336874,0.0,12.0,0.875,1.0,1.0,0.28367303284707407,0.8584327616314542,0.75,0.7657533622001168,76.57533622001168,100.0,333,33,1,-332
137256420,Natuma Эмолибейз набор эмолентов увлажнение и защита для всей семьи 0+ 300 мл,Beauty,29,29,0,4.931034482758621,4.896551724137931,0.769576476030289,1.0,1.0,0.7030500024101527,0.0,2.0,0.875,0.8061000048186933,1.0,0.12150207915137025,0.8236999418500079,0.8529411764705882,0.7654229183555478,76.54229183555478,98.62068965517243,334,34,178,-156
110059189,Весна косметика крем Тыквенный питательный для лица 40 мл,Beauty,24,24,0,4.875,4.875,0.7314116576383185,1.0,1.0,0.788431758856627,0.0,2.0,0.875,0.9768635177113003,1.0,0.12150207915137025,0.8311661668619539,0.8275862068965517,0.7652095888974882,76.52095888974883,97.5,335,35,231,-104
148731692,Крем омолаживающий набор (сыворотка-стик + крем) для лица 50 мл,Beauty,19,18,1,5.0,4.888888888888889,0.7040360716896834,1.0,1.0,0.7360855601848364,0.0,6.0,0.875,0.8721711203679285,1.0,0.2152097982069809,0.8426087562615724,0.782608695652174,0.7619218729462144,76.19218729462143,100.0,343,36,1,-342
106781297,"Fito Косметик крем Вазелин Норка для лица, для области вокруг глаз, для зоны декольте 45 мл",Beauty,28,28,0,4.75,4.607142857142857,0.7699693635331216,0.8636363636363683,0.8636363636363683,0.8235558334683988,0.0,11.0,0.875,1.0,1.0,0.2748206328661577,0.8174137217201027,0.8484848484848485,0.7574094656356293,75.74094656356293,95.0,351,37,343,-8
135783239,Carich молочко CARICH Молочко с витамином E для лица 65 мл,Beauty,19,19,0,5.0,4.7368421052631575,0.7586711398708531,1.0,1.0,0.916640161790514,0.0,2.0,0.875,1.0,1.0,0.12150207915137025,0.8315303803021112,0.7916666666666666,0.7540569864907617,75.40569864907617,100.0,360,38,1,-359
102339225,URIAGE крем Xemose липидовосстанавливающий против раздражений для лица 200 мл,Beauty,25,25,0,4.6,4.48,0.7190590675285559,0.8571428571428622,0.7738095238095318,0.685432053059161,0.4285714285714133,21.0,0.875,0.7708641061167804,0.9821428571429114,0.3418568030797321,0.8115317774662223,0.8333333333333334,0.746723056912393,74.6723056912393,92.0,372,39,409,37
118442494,Невская косметика крем Авокадо для лица 40 мл,Beauty,27,27,0,4.925925925925926,4.777777777777778,0.7620701581118922,0.9,1.0,0.674062023673155,0.4,5.0,0.875,0.7481240473448139,1.0,0.19816135600876397,0.8077719436259343,0.84375,0.7458657305998709,74.58657305998709,98.51851851851852,374,40,190,-184
115966444,"PHILOSOPHY крем Anti Rougeurs SPF30 для лица, для зоны декольте 100 мл",Beauty,13,13,0,4.846153846153846,4.769230769230769,0.6340137229249029,1.0,1.0,0.7284224049666476,0.0,8.0,0.875,0.8568448099315815,1.0,0.2430041583027405,0.8462684340170661,0.7222222222222222,0.7449956606558197,74.49956606558197,96.9230769230769,375,41,271,-104
152237663,Dr. Althea крем Успокаивающий крем для лица 50 мл,Beauty,25,25,0,4.92,4.8,0.7416167277800234,0.98,0.95,0.7416167277800234,0.28,0.0,0.875,0.8832334555582804,1.0,0.0,0.806657741573094,0.8333333333333334,0.7416767734535958,74.16767734535958,98.4,383,42,196,-187
147232113,Gegemoon Крем для рук 4 штуки & бальзам для губ 4 штуки набор по уходу за лицом и телом для женщин,Beauty,27,27,0,5.0,4.777777777777778,0.7763355370891847,1.0,1.0,0.6225610012117314,0.0,1.0,0.875,0.6451220024221727,1.0,0.07665927685739374,0.8036915592351593,0.84375,0.7415883388413689,74.15883388413688,100.0,384,43,1,-383
131491630,Organic Zone крем Professional Крем для очень сухой и чувствительной кожи для лица 50 мл,Beauty,18,18,0,4.666666666666667,4.555555555555555,0.6773873477897435,0.9791666666666666,0.9583333333333333,0.5827792388921821,0.08333333333333333,12.0,0.875,0.5655584777832331,1.0,0.28367303284707407,0.8194086697979498,0.782608695652174,0.7393639848719566,73.93639848719566,93.33333333333333,386,44,379,-7
136989504,Celimax крем The Real Cica Soothing Cream для лица 50 мл,Beauty,23,22,1,4.7272727272727275,4.590909090909091,0.6550870839474743,1.0,0.8571428571428571,0.5470985211027215,0.5714285714285714,7.0,0.875,0.49419704220445465,0.8928571428574108,0.2299778305721812,0.8047874012099643,0.8148148148148148,0.7344127725799373,73.44127725799373,94.54545454545456,398,45,358,-40
118557775,Fito Косметик крем Sun Screen 50 SPF для лица 50 мл,Beauty,18,18,0,4.777777777777778,4.777777777777778,0.6451005939934783,1.0,1.0,0.5629701396783973,0.0,9.0,0.875,0.5259402793557427,1.0,0.2546566055263249,0.8131552653244145,0.782608695652174,0.7332836800240304,73.32836800240304,95.55555555555554,399,46,319,-80
143551490,Bioaqua Комплексный набор от прыщей и акне с салициловой кислотой (пенка+сыворотка+крем) набор по уходу за лицом унисекс,Beauty,27,27,0,4.851851851851852,4.592592592592593,0.7307954772699119,0.8269230769230603,0.7884615384615231,0.7215598071925773,0.15384615384614944,13.0,0.875,0.8431196143834684,1.0,0.29186907506437465,0.7953002865815696,0.84375,0.7327919223633141,73.27919223633141,97.03703703703704,401,47,266,-135
113507896,Невская косметика крем Миндальный для лица 40 мл,Beauty,23,23,0,4.782608695652174,4.782608695652174,0.6948110869248566,0.8611111111111168,0.9166666666666702,0.6756186635207456,0.222222222222213,9.0,0.875,0.7512373270399888,1.0,0.2546566055263249,0.8002907922759921,0.8214285714285714,0.7317264627626102,73.17264627626102,95.65217391304348,402,48,318,-84
103484235,Leapka крем Овечья плацента для лица 80 г,Beauty,25,25,0,4.84,4.68,0.7229486908257823,0.8750000000000047,0.725000000000001,0.6464913413833727,0.600000000000015,10.0,0.8068181818184073,0.6929826827653596,0.8750000000003032,0.26519752622233833,0.7951031419638448,0.8333333333333334,0.7297138363395328,72.97138363395328,96.8,405,49,276,-129
128305735,ORJENA эмульсия Power Collagen Emulsion для лица 100 мл,Beauty,12,12,0,5.0,5.0,0.7986425072188145,1.0,1.0,0.7306330627556598,0.0,3.0,0.875,0.861266125509597,1.0,0.15331855371478748,0.8320376072163109,0.7058823529411765,0.7269724264944432,72.69724264944432,100.0,409,50,1,-408
144190104,Natuma Эмолибейз Набор по уходу за лицом и телом Крем+Эмульсия,Beauty,27,27,0,5.0,4.777777777777778,0.669301838071607,1.0,0.875,0.5309204185456731,0.5,2.0,0.875,0.4618408370904225,0.9375000000001563,0.12150207915137025,0.7881655588116694,0.84375,0.7253127187296751,72.53127187296751,100.0,411,51,1,-410
131491627,Organic Zone крем Professional Крем для лица антивозрастной для лица 50 мл,Beauty,20,20,0,4.85,4.85,0.6784778830750816,0.875,0.875,0.7224519956327565,0.0,2.0,0.875,0.8449039912638233,1.0,0.12150207915137025,0.7943777482819094,0.8,0.7198042950783545,71.98042950783545,97.0,419,52,270,-149
102684467,Невская косметика крем Спермацетовый для лица 40 мл,Beauty,26,26,0,4.5,4.653846153846154,0.7692955418843221,0.7499999999999908,0.7794117647058741,0.8181912138507671,0.11764705882353284,102.0,0.875,1.0,1.0,0.5125822951204476,0.7788604946262595,0.8387096774193549,0.7142707068926742,71.42707068926742,90.0,431,53,434,3
145296113,Henlics Coverage Foundation тональный крем набор по уходу за лицом для женщин,Beauty,13,13,0,4.3076923076923075,4.230769230769231,0.6656664854185764,0.8095238095238086,0.8095238095238086,0.8123036118845025,0.0,21.0,0.875,1.0,1.0,0.3418568030797321,0.7982797724672396,0.7222222222222222,0.701935697948916,70.1935697948916,86.15384615384615,440,54,492,52
101918623,Fito Косметик крем Bio Cosmetolog для лица 45 мл,Beauty,13,13,0,5.0,5.0,0.7655070173495537,1.0,1.0,0.5948277560352138,0.0,1.0,0.875,0.5896555120692483,1.0,0.07665927685739374,0.7980230248830571,0.7222222222222222,0.7017053197503386,70.17053197503385,100.0,441,55,1,-440
101817031,Fito Косметик крем-гель Свежая косметика Алое Увлажняющий для лица 50 мл,Beauty,9,9,0,4.555555555555555,4.444444444444445,0.5991608612607081,0.9444444444444445,0.8333333333333333,0.6542245307737653,0.4444444444444444,9.0,0.875,0.7084490615461138,0.9722222222222917,0.2546566055263249,0.8255642762143856,0.6428571428571429,0.701536841869207,70.1536841869207,91.11111111111111,442,56,422,-20
149769320,YAMMY крем Grape Seeds для области вокруг глаз 20 г,Beauty,8,8,0,4.75,4.5,0.8153031167943623,1.0,1.0,0.8979276309336303,0.0,3.0,0.875,1.0,1.0,0.15331855371478748,0.8366668370731734,0.6153846153846154,0.7014127151334041,70.14127151334041,95.0,443,57,343,-100
147573966,"Skin1004 сыворотка Skin1004 сыворотка Probio-Cica / Madagascar Centella. для лица, для зоны декольте 95 мл",Beauty,9,9,0,4.777777777777778,4.777777777777778,0.7296085467053424,1.0,1.0,0.8719671807851341,0.0,1.0,0.875,1.0,1.0,0.07665927685739374,0.8244063826227439,0.6428571428571429,0.700612043002137,70.0612043002137,95.55555555555554,445,58,319,-126
145532437,MEDI-PEEL крем Моделирующий крем для шеи и зоны декольте для зоны декольте 100 мл,Beauty,11,11,0,4.7272727272727275,4.818181818181818,0.7204479709857231,0.9318181818181818,0.9545454545454546,0.7204479709857231,0.2727272727272727,0.0,0.875,0.8408959419697645,1.0,0.0,0.7947442909183573,0.6875,0.6892074004383373,68.92074004383373,94.54545454545456,457,59,358,-99
138067710,CeraVe Набор для сухой кожи лица и тела: очищающий гель 236 мл и увлажняющий крем 340 г,Beauty,13,13,0,4.846153846153846,4.6923076923076925,0.7718675221606366,1.0,0.6428571428571218,0.6358803025301694,1.428571428571512,7.0,0.6500000000003291,0.6717606050589953,0.3571428571444122,0.2299778305721812,0.7764297932427899,0.7222222222222222,0.6823298314761757,68.23298314761756,96.9230769230769,464,60,271,-193
131318139,Jain Laboratory крем Natural Sunscreen SPF50 для лица 45 мл,Beauty,10,10,0,4.5,4.4,0.5864279962910659,0.861111111111111,0.8333333333333333,0.6052913475592582,0.1111111111111111,9.0,0.875,0.6105826951172952,1.0,0.2546566055263249,0.7860314778122636,0.6666666666666666,0.6762572649461491,67.62572649461491,90.0,468,61,434,-34
146437491,Round Lab Travel-набор средств с берёзовым соком Round Lab набор по уходу за лицом унисекс,Beauty,8,7,1,5.0,5.0,0.7991771141719293,1.0,1.0,0.7991771141719293,0.0,0.0,0.875,0.9983542283418619,1.0,0.0,0.8125142764456462,0.5833333333333334,0.6734181940622805,67.34181940622805,100.0,473,62,1,-472
152662393,Bioaqua Набор Vitamin C: Осветляющая пенка + Антиоксидантный крем для лица набор по уходу за лицом унисекс,Beauty,7,7,0,5.0,5.0,0.7289215304252409,1.0,1.0,0.7289215304252409,0.0,0.0,0.875,0.8578430608487662,1.0,0.0,0.8081693261701174,0.5833333333333334,0.6702692440278897,67.02692440278896,100.0,477,63,1,-476
118615479,"Fito Косметик крем Солнцезащитный Sunscreen SPF30 с экстрактом камелии для лица, для зоны декольте 50 мл",Beauty,12,12,0,4.666666666666667,4.333333333333333,0.6238991460427884,1.0,1.0,0.3937002205128521,0.0,1.0,0.875,0.1874004410253294,1.0,0.07665927685739374,0.7476909915201422,0.7058823529411765,0.653000973179084,65.3000973179084,93.33333333333333,497,64,379,-118
144760082,Usma Комплекс с муцином улитки 4 средств и сыворотка 10% с витамином С набор по уходу за лицом унисекс,Beauty,7,7,0,4.857142857142857,4.428571428571429,0.6788751369075215,1.0,0.6666666666666666,0.664499836858636,1.3333333333333333,3.0,0.687500000000375,0.7289996737158141,0.416666666668125,0.15331855371478748,0.7828714826126764,0.5833333333333334,0.6519349386184863,65.19349386184862,97.14285714285712,498,65,256,-242
143144509,Bioderma крем Sebium сенситив для лица 30 мл,Beauty,6,6,0,4.833333333333333,5.0,0.683701273430926,0.9583333333333334,1.0,0.683701273430926,0.16666666666666666,0.0,0.875,0.7674025468603173,1.0,0.0,0.7963193323917264,0.5454545454545454,0.6511823316724821,65.1182331672482,96.66666666666666,499,66,278,-221
131491658,Organic Zone сыворотка Professional Пептидная сыворотка-концентрат антивозрастная для лица 50 мл,Beauty,13,13,0,5.0,5.0,0.7030772855221343,1.0,1.0,0.356709450212911,0.0,1.0,0.875,0.1134189004255952,1.0,0.07665927685739374,0.7377421146053323,0.7222222222222222,0.647615589704379,64.7615589704379,100.0,503,67,1,-502
17600092,Bioderma Sensibio DS+ Cream Крем против себорейного дерматита 40 мл,Beauty,28,28,0,4.285714285714286,4.285714285714286,0.8044226011769788,0.6749999999999896,0.6749999999999896,0.8056671910741973,0.0,60.0,0.7019230769234313,1.0,1.0,0.4546460355287156,0.7020388288972323,0.8484848484848485,0.6357853859582131,63.57853859582131,85.71428571428571,512,68,498,-14
142794287,Usma Комплекс с витамином С 3 средств набор по уходу за лицом унисекс,Beauty,5,5,0,4.8,5.0,0.646160217001111,0.95,1.0,0.646160217001111,0.2,0.0,0.875,0.6923204340008375,1.0,0.0,0.7888316907415588,0.5,0.6339324518847281,63.39324518847282,96.0,513,69,300,-213
121212393,"Siberian Wellness крем Косметика с комплексом ENDEMIX для лица, для зоны декольте 50 мл",Beauty,4,4,0,5.0,4.5,0.8174569044814672,1.0,0.875,0.8174569044814672,0.5,0.0,0.875,1.0,0.9375000000001563,0.0,0.8120884816049561,0.4444444444444444,0.631893031934316,63.189303193431606,100.0,514,70,1,-513
145532472,"MEDI-PEEL крем Пептидный лифтинг-крем для лица, для зоны декольте 50 г",Beauty,4,4,0,5.0,5.0,0.7053639737390065,1.0,1.0,0.7053639737390065,0.0,0.0,0.875,0.8107279474763917,1.0,0.0,0.8056682197054955,0.4444444444444444,0.6283478837644586,62.83478837644586,100.0,519,71,1,-518
143492448,SADOER Набор средств для лица Авокадо Средство для умывания + Крем вокруг глаз + Крем для лица. набор по уходу за лицом для женщин,Beauty,4,4,0,5.0,4.75,0.6184012310421554,1.0,0.9375,0.6184012310421554,0.25,0.0,0.875,0.6368024620830373,1.0,0.0,0.7924654035488602,0.4444444444444444,0.6210575363818085,62.10575363818085,100.0,525,72,1,-524
149251179,Bioaqua Комплексный набор от прыщей и акне с салициловой кислотой (пенка+крем) набор по уходу за лицом унисекс набор по уходу за лицом унисекс,Beauty,14,14,0,4.928571428571429,4.785714285714286,0.6224806330779666,1.0,0.625,0.37510972140135174,1.5,2.0,0.6249999999996667,0.15021944280240307,0.31250000000171874,0.12150207915137025,0.7042587063539659,0.7368421052631579,0.6199510932035011,61.9951093203501,98.57142857142858,526,73,185,-341
145118631,"Белая косметика крем Крем-корректор Увлажняющий для век, лица и шеи для лица, для зоны декольте, для области вокруг глаз 50 мл",Beauty,3,3,0,5.0,5.0,0.7756113226461103,1.0,1.0,0.828069670379891,0.0,1.0,0.875,1.0,1.0,0.07665927685739374,0.8244063826227439,0.375,0.6170236917512466,61.70236917512466,100.0,528,74,1,-527
123212887,Atom крем Косметика пигментации Whitening Freckle Removing для лица 50 г,Beauty,3,3,0,5.0,5.0,0.8240614948913896,1.0,1.0,0.8240614948913896,0.0,0.0,0.875,1.0,1.0,0.0,0.8125366885156105,0.375,0.6114935666031704,61.14935666031704,100.0,531,75,1,-530
102679224,Fito Косметик Biocosmetolog Prof Дневной Гиалуроновый Актив 45 мл,Beauty,6,6,0,4.333333333333333,4.166666666666667,0.5718271059831287,0.8333333333333334,0.7916666666666666,0.5718271059831287,0.16666666666666666,0.0,0.875,0.5436542119651702,1.0,0.0,0.7375553257230463,0.5454545454545454,0.6113593173918748,61.13593173918748,86.66666666666666,534,76,485,-49
150635882,СпивакЪ крем-сыворотка Крем-сыворотка с Ретинолом и ниацинамидом для лица 50 г,Beauty,4,4,0,4.75,4.5,0.5793983239183225,0.9375,0.875,0.5793983239183225,0.25,0.0,0.875,0.5587966478355274,1.0,0.0,0.7733434684974848,0.4444444444444444,0.6104987625945253,61.04987625945253,95.0,535,77,343,-192
151999911,Fito Косметик крем Голубой ретинол fito evolution для лица 50 мл,Beauty,3,3,0,5.0,5.0,0.7485588243810701,1.0,1.0,0.7485588243810701,0.0,0.0,0.875,0.897117648760346,1.0,0.0,0.8098624891220123,0.375,0.610247649296117,61.0247649296117,100.0,536,78,1,-535
121695424,Isntree гель ISNTREE ALOE SOOTHING GEL FRESH для лица 300 мл,Beauty,3,3,0,5.0,4.333333333333333,0.596355048047729,1.0,0.75,0.5786345650364448,1.0,2.0,0.875,0.5572691300717751,0.6250000000009375,0.12150207915137025,0.79298955749477,0.375,0.6023865011762589,60.23865011762589,100.0,538,79,1,-537
148731329,LABA сыворотка LABÁ BAKUCHIOL для лица 30 мл,Beauty,3,3,0,5.0,4.0,0.624548357241553,1.0,0.75,0.624548357241553,1.0,0.0,0.875,0.6490967144818078,0.6250000000009375,0.0,0.7866453452238846,0.375,0.5994307141519858,59.943071415198574,100.0,539,80,1,-538
147064622,"MERAR Merar набор для ухода за лицом (пенка, тоник, крем) набор по уходу за лицом унисекс",Beauty,30,30,0,4.1,4.2,0.7145588986375644,0.6259259259259257,0.6592592592592591,0.7189244530506547,0.22222222222222288,135.0,0.6752717391308078,0.8378489060996337,1.0,0.5433197761639003,0.6618741788098776,0.8571428571428571,0.594398773360592,59.439877336059205,82.0,541,81,533,-8
117121093,Крымская Живая Косметика эссенция Ретинол 0.5% для лица 30 мл,Beauty,2,2,0,5.0,5.0,0.7076848872809627,1.0,1.0,0.8449183938553148,0.0,1.0,0.875,1.0,1.0,0.07665927685739374,0.8244063826227439,0.2857142857142857,0.5891609080009499,58.916090800094985,100.0,544,82,1,-543
114898074,"Its Skin крем с гиалуроновой кислотой V7 Hyaluronic для лица, для зоны декольте 50 мл",Beauty,2,2,0,5.0,5.0,0.8437787910823338,1.0,1.0,0.7496839307542,0.0,1.0,0.875,0.8993678615066014,1.0,0.07665927685739374,0.8217353855574698,0.2857142857142857,0.5882127744139515,58.82127744139515,100.0,545,83,1,-544
117106829,Bioderma добавка в косметику PHOTODERM для лица 10 г,Beauty,2,2,0,5.0,5.0,0.9165422943086767,1.0,1.0,0.9165422943086767,0.0,0.0,0.875,1.0,1.0,0.0,0.8125366885156105,0.2857142857142857,0.5849474793167012,58.494747931670126,100.0,546,84,1,-545
149895668,"Крем Крем Celimax бустер с ретинолом 0,1% для лица, для области вокруг глаз, для зоны декольте, для носогубной области 15 мл",Beauty,2,2,0,5.0,5.0,0.926491597266727,1.0,1.0,0.926491597266727,0.0,0.0,0.875,1.0,1.0,0.0,0.8125366885156105,0.2857142857142857,0.5849474793167012,58.494747931670126,100.0,546,84,1,-545
161170386,"Fitoleum масло Масло косметическое из цветков тимьяна и зизифоры для лица, для зоны декольте 30 мл",Beauty,2,2,0,5.0,5.0,0.7052739164358882,1.0,1.0,0.7052739164358882,0.0,0.0,0.875,0.8105478328701554,1.0,0.0,0.8056577031790092,0.2857142857142857,0.5825056207587506,58.25056207587506,100.0,552,86,1,-551
141842092,Невская косметика крем Крем для лица для всех типов кожи РЕТИНОЛ для лица 40 мл,Beauty,2,2,0,5.0,5.0,0.6468979625272334,1.0,1.0,0.6468979625272334,0.0,0.0,0.875,0.6937959250530793,1.0,0.0,0.7974194802832454,0.2857142857142857,0.5795812686783222,57.95812686783222,100.0,555,87,1,-554
151711434,Bioaqua крем 09765 для лица 50 мл,Beauty,3,3,0,4.333333333333333,3.6666666666666665,0.8209015966299521,0.8333333333333334,0.6666666666666666,0.8209015966299521,0.6666666666666666,0.0,0.687500000000375,1.0,0.83333333333375,0.0,0.7416058204692763,0.375,0.5784466680380111,57.84466680380112,86.66666666666666,556,88,485,-71
140576168,"Набор из 3ех средств : крем для рук,спрей для тела,жидкое мыло с ароматом арбуза и дыни набор для тела для женщин",Beauty,2,2,0,5.0,5.0,0.6198491074852074,1.0,1.0,0.6198491074852074,0.0,0.0,0.875,0.6396982149691354,1.0,0.0,0.7927302166662371,0.2857142857142857,0.5779167036395289,57.79167036395289,100.0,557,89,1,-556
104426221,BIO BUBBLES добавка в косметику True Probiotic 20 мл,Beauty,2,2,0,4.5,5.0,0.8780525347388307,0.8124999999999941,1.0,0.8355979624548964,0.7500000000000232,4.0,0.875,1.0,0.7812500000005324,0.17799732866893112,0.7762978722416094,0.2857142857142857,0.572083654302009,57.2083654302009,90.0,561,90,434,-127
146383379,Черный жемчуг Мультиуход крем для лица и век 46 мл&#43; мицеллярная вода 250 мл набор по уходу за лицом для женщин,Beauty,2,2,0,5.0,5.0,0.6845311974318542,1.0,1.0,0.4240442606396797,0.0,1.0,0.875,0.24808852127886327,1.0,0.07665927685739374,0.7558219099078061,0.2857142857142857,0.5648152271415323,56.48152271415323,100.0,566,91,1,-565
159433478,Markfume крем Мужской крем для лица для лица 100 мл,Beauty,1,1,0,5.0,5.0,0.7111402498844765,1.0,1.0,0.7111402498844765,0.0,2.0,0.875,0.8222804997673085,1.0,0.12150207915137025,0.8247527848320713,0.16666666666666666,0.5520822584676378,55.20822584676378,100.0,577,92,1,-576
131491665,Organic Zone сыворотка Professional Сыворотка-концентрат для проблемной кожи для лица 50 мл,Beauty,1,1,0,5.0,5.0,0.871452642342215,1.0,1.0,0.871452642342215,0.0,0.0,0.875,1.0,1.0,0.0,0.8125366885156105,0.16666666666666666,0.5495526962680757,54.95526962680757,100.0,581,93,1,-580
142370330,"Весна косметика крем Крем для лица Пантеноловый для лица, для зоны декольте 150 мл",Beauty,1,1,0,5.0,5.0,0.9545938131296008,1.0,1.0,0.9545938131296008,0.0,0.0,0.875,1.0,1.0,0.0,0.8125366885156105,0.16666666666666666,0.5495526962680757,54.95526962680757,100.0,581,93,1,-580
155238841,Добавка в косметику Антибактериальное средство для лица с органическим чайным деревом и лаймом Love Nature для лица 10 мл,Beauty,1,1,0,5.0,5.0,0.8211861539785807,1.0,1.0,0.8211861539785807,0.0,0.0,0.875,1.0,1.0,0.0,0.8125366885156105,0.16666666666666666,0.5495526962680757,54.95526962680757,100.0,581,93,1,-580
153281956,"Oshiaree крем-сыворотка Набор косметики PST-cell для лица, для области вокруг глаз 120 мл",Beauty,1,1,0,5.0,5.0,0.9010553946092787,1.0,1.0,0.9010553946092787,0.0,0.0,0.875,1.0,1.0,0.0,0.8125366885156105,0.16666666666666666,0.5495526962680757,54.95526962680757,100.0,581,93,1,-580
145945773,BIDALLI крем Calming Pure Facial для лица 80 мл,Beauty,1,1,0,5.0,5.0,0.8605328441532685,1.0,1.0,0.8605328441532685,0.0,0.0,0.875,1.0,1.0,0.0,0.8125366885156105,0.16666666666666666,0.5495526962680757,54.95526962680757,100.0,581,93,1,-580
138572382,Gegemoon добавка в косметику Патчи для глаз с авокадо патчи с коллагеном консилер тушь карандаш подводка для области вокруг глаз 160 мл,Beauty,1,1,0,5.0,5.0,0.8162439336037801,1.0,1.0,0.8162439336037801,0.0,0.0,0.875,1.0,1.0,0.0,0.8125366885156105,0.16666666666666666,0.5495526962680757,54.95526962680757,100.0,581,93,1,-580
119232112,Крымская Живая Косметика крем Крем бустер Азелаиновая кислота 10% для лица 75 мл,Beauty,1,1,0,5.0,5.0,0.8847797210250854,1.0,1.0,0.8847797210250854,0.0,0.0,0.875,1.0,1.0,0.0,0.8125366885156105,0.16666666666666666,0.5495526962680757,54.95526962680757,100.0,581,93,1,-580
151094711,Крем Подарочный Новогодний набор косметики для ухода для лица 120 мл,Beauty,1,1,0,5.0,5.0,0.9601228977546972,1.0,1.0,0.9601228977546972,0.0,0.0,0.875,1.0,1.0,0.0,0.8125366885156105,0.16666666666666666,0.5495526962680757,54.95526962680757,100.0,581,93,1,-580
142671643,Mesoestetic добавка в косметику Aox glutathione для лица 60 г,Beauty,1,1,0,5.0,5.0,0.7727716025174817,1.0,1.0,0.7727716025174817,0.0,0.0,0.875,0.9455432050330723,1.0,0.0,0.8114426561344008,0.16666666666666666,0.5493261572096961,54.932615720969615,100.0,590,101,1,-589
154458405,Bielenda крем Green tea combination skin mattifuing cream для лица 50 мл,Beauty,1,1,0,5.0,5.0,0.6612056649314799,1.0,1.0,0.6612056649314799,0.0,0.0,0.875,0.722411329861515,1.0,0.0,0.7996890557559209,0.16666666666666666,0.5468923631026459,54.68923631026459,100.0,591,102,1,-590
140995473,Невская косметика крем «Пантенол» для лица 40 мл,Beauty,2,2,0,4.0,4.0,0.8170245514895873,0.6999999999999851,0.6999999999999851,0.8156012117319884,0.0,5.0,0.7500000000003023,1.0,1.0,0.19816135600876397,0.7052060060804906,0.2857142857142857,0.5468479148300037,54.684791483000375,80.0,592,103,542,-50
119595586,"Fito Косметик стик Sun Screen SPF50 для лица, для области вокруг глаз, для зоны декольте 4.5 г",Beauty,1,1,0,5.0,5.0,0.5879674628827425,1.0,1.0,0.5879674628827425,0.0,0.0,0.875,0.5759349257643331,1.0,0.0,0.786604199512455,0.16666666666666666,0.544182908553276,54.418290855327605,100.0,595,104,1,-594
134023429,Juice to Cleanse эмульсия Vinegar Kombucha Essence для лица 150 мл,Beauty,1,1,0,5.0,5.0,0.4528656010968025,1.0,1.0,0.4528656010968025,0.0,0.0,0.875,0.3057312021929936,1.0,0.0,0.755671391125953,0.16666666666666666,0.5377777148814353,53.777771488143536,100.0,601,105,1,-600
138283112,Dslt добавка в косметику SPF50+ для лица 30 мл,Beauty,1,1,0,4.0,5.0,0.8202159351516638,0.75,1.0,0.8202159351516638,1.0,0.0,0.875,1.0,0.6250000000009375,0.0,0.7200414998243596,0.16666666666666666,0.5303999058108265,53.039990581082655,80.0,607,106,542,-65
150624212,Dr. Althea крем 345 dr Althea восстоновливающий крем корея для лица 50 мл,Beauty,28,28,0,3.7857142857142856,4.071428571428571,0.717223051365066,0.512499999999981,0.7250000000000009,0.6697594703603046,0.9500000000000763,40.0,0.806818181818407,0.7395189407191302,0.6562500000008117,0.41070606239990254,0.587379973546674,0.8484848484848485,0.5149161273380805,51.49161273380804,75.71428571428571,614,107,578,-36
117989936,Bioderma крем ABCDerm Babysquam для лица 40 мл,Beauty,25,25,0,4.8,4.32,0.6612682450016706,0.666666666666639,0.444444444444426,0.5434630275029236,0.888888888888852,9.0,0.4318181818183864,0.48692605500487346,0.6944444444452313,0.2546566055263249,0.582581577667884,0.8333333333333334,0.5096817975815869,50.9681797581587,96.0,616,108,300,-316
136303793,"Lalarecipe крем Крем для лица с мадекассосидом и семенами конопли, Hemp Seed Cream для лица 50 мл",Beauty,1,1,0,5.0,1.0,0.5156443824281821,1.0,0.0,0.5156443824281821,4.0,1.0,0.125,0.4312887648555017,0.0,0.07665927685739374,0.6160901737323071,0.16666666666666666,0.5088749162998575,50.88749162998575,100.0,617,109,1,-616
151572718,Fito Косметик крем 7118 для лица 50 мл,Beauty,1,1,0,3.0,4.0,0.3884704628567095,0.5,0.75,0.3884704628567095,1.0,0.0,0.875,0.17694092571306513,0.6250000000009375,0.0,0.5274362847340694,0.16666666666666666,0.490517535951445,49.0517535951445,60.0,630,110,652,22
143983395,"Axis_ y крем для лица и сыворотка,сыворотка вокруг глаз набор по уходу за лицом для женщин",Beauty,28,26,2,4.230769230769231,4.6923076923076925,0.7216898958218341,0.48437499999998335,0.9531250000000017,0.5642117528863663,1.8750000000000733,112.0,0.875,0.5284235057716757,0.07812500000225886,0.5228299872967583,0.5544970253664402,0.8387096774193549,0.48047961147763735,48.047961147763736,84.61538461538461,635,111,507,-128
113507828,Невская косметика крем Облепиховый для лица 40 мл,Beauty,15,15,0,4.6,4.6,0.787075475610507,0.4999999999999792,0.4999999999999792,0.7165734370327299,0.0,18.0,0.4999999999999688,0.8331468740637936,1.0,0.325643051323212,0.5307785080610453,0.75,0.4604432149984467,46.04432149984467,92.0,642,112,409,-233
17601412,"ACM Laboratoire гель Vitix для лица, для зоны декольте 50 мл",Beauty,23,23,0,4.304347826086956,4.3478260869565215,0.641406394675275,0.5263157894736865,0.5657894736842138,0.5225701700153229,0.15789473684210942,19.0,0.5781249999997558,0.44514034002975555,1.0,0.3313158823837186,0.534383644869832,0.8214285714285714,0.46035512182222627,46.035512182222625,86.08695652173913,643,113,493,-150
119296437,Isispharma крем Тиндерм AZ - с 15% азелаиновой кислотой от акне для лица 30 мл,Beauty,9,9,0,4.666666666666667,4.0,0.6485121089509427,0.5,0.3333333333333333,0.6461314564971424,0.6666666666666666,3.0,0.31249999999962497,0.6922629129929004,0.83333333333375,0.15331855371478748,0.46847479607595643,0.6428571428571429,0.4163327876638433,41.63327876638433,93.33333333333333,657,114,379,-278
145538284,СпивакЪ эмульсия Регенерирующая эмульсия с Ниацинамидом для лица 30 мл,Beauty,2,2,0,3.0,3.0,0.731369386757991,0.0,0.0,0.7713933998207811,0.0,2.0,0.125,0.9427867996396768,1.0,0.12150207915137025,0.2548642465588151,0.2857142857142857,0.3869884550867881,38.69884550867881,60.0,665,115,652,-13
140906925,"Набор база ,крем для лица набор декоративной косметики для женщин",Beauty,6,6,0,4.5,5.0,0.7352897517904217,0.25,1.0,0.410003953531313,3.0,2.0,0.875,0.22000790706218606,0.0,0.12150207915137025,0.3960268068207911,0.5454545454545454,0.37991330381145594,37.991330381145595,90.0,667,116,434,-233
136953650,"Skin1004 стик Hyalu-Cica Silky-Fit Sun Stick SPF50+ PA++++ для лица, для зоны декольте 20 г",Beauty,7,7,0,4.428571428571429,4.428571428571429,0.6741671918069784,0.0,0.0,0.5261722721679134,0.0,1.0,0.125,0.45234454433492216,1.0,0.07665927685739374,0.18272103864404626,0.5833333333333334,0.216983180523933,21.6983180523933,88.57142857142858,682,117,461,-221
131491628,Organic Zone крем Professional Крем для проблемной кожи для лица 50 мл,Beauty,8,8,0,4.5,4.625,0.6807871094470055,0.0,0.25,0.5872849150590486,1.0,1.0,0.125,0.5745698301169481,0.6250000000009375,0.07665927685739374,0.17078589978073655,0.6153846153846154,0.1923076923076923,19.23076923076923,90.0,683,118,434,-249
